Player,Yds_x,Years,Tm,Cmp,Att,TD,Rate,Int,Sk,Yds_y,Pick6,Y/G,Cmp%,Int%,4QC,GWD
Tom Brady,89214.0,2000-2022,2TM,7753.0,12050.0,649.0,97.2,212.0,565.0,3576.0,18.0,266.3,64.3%,1.8%,46.0,58.0
Drew Brees,80358.0,2001-2020,2TM,7142.0,10551.0,571.0,98.7,243.0,420.0,2991.0,27.0,280.0,67.7%,2.3%,36.0,53.0
Peyton Manning+,71940.0,1998-2015,2TM,6125.0,9380.0,539.0,96.5,251.0,303.0,1953.0,27.0,270.5,65.3%,2.7%,43.0,54.0
Brett Favre+,71838.0,1991-2010,4TM,6300.0,10169.0,508.0,86.0,336.0,525.0,3487.0,32.0,237.9,62.0%,3.3%,28.0,43.0
Ben Roethlisberger,64088.0,2004-2021,pit,5440.0,8443.0,418.0,93.5,211.0,554.0,3677.0,18.0,257.4,64.4%,2.5%,41.0,53.0
Philip Rivers,63440.0,2004-2020,2TM,5277.0,8134.0,421.0,95.2,209.0,464.0,2832.0,25.0,260.0,64.9%,2.6%,29.0,35.0
Matt Ryan,62792.0,2008-2022,2TM,5551.0,8464.0,381.0,93.6,183.0,488.0,3264.0,20.0,268.3,65.6%,2.2%,38.0,46.0
Dan Marino+,61361.0,1983-1999,mia,4967.0,8358.0,420.0,86.4,252.0,270.0,1930.0,29.0,253.6,59.4%,3.0%,33.0,47.0
Aaron Rodgers,60148.0,2005-2024,2TM,5112.0,7843.0,482.0,103.0,109.0,544.0,3704.0,5.0,254.9,65.2%,1.4%,21.0,32.0
Matthew Stafford,57285.0,2009-2024,2TM,4952.0,7824.0,360.0,90.9,183.0,490.0,3257.0,30.0,271.5,63.3%,2.3%,36.0,45.0
Eli Manning,57023.0,2004-2019,nyg,4895.0,8119.0,366.0,84.1,244.0,411.0,2870.0,22.0,241.6,60.3%,3.0%,27.0,37.0
John Elway+,51475.0,1983-1998,den,4123.0,7250.0,300.0,79.9,226.0,516.0,3785.0,18.0,220.0,56.9%,3.1%,31.0,40.0
Warren Moon+,49325.0,1984-2000,4TM,3988.0,6823.0,291.0,80.9,233.0,458.0,3415.0,,237.1,58.4%,3.4%,25.0,35.0
Fran Tarkenton+,47003.0,1961-1978,2TM,3686.0,6467.0,342.0,80.4,266.0,570.0,5207.0,12.0,191.1,57.0%,4.1%,29.0,33.0
Carson Palmer,46247.0,2004-2017,3TM,3941.0,6307.0,294.0,87.9,187.0,340.0,2364.0,23.0,254.1,62.5%,3.0%,22.0,35.0
Vinny Testaverde,46233.0,1987-2007,7TM,3787.0,6701.0,275.0,75.0,267.0,417.0,2992.0,,198.4,56.5%,4.0%,29.0,33.0
Drew Bledsoe,44611.0,1993-2006,3TM,3839.0,6717.0,251.0,77.1,206.0,467.0,3135.0,15.0,230.0,57.2%,3.1%,24.0,31.0
Joe Flacco,44463.0,2008-2024,5TM,4053.0,6573.0,250.0,84.5,155.0,392.0,2808.0,,234.0,61.7%,2.4%,20.0,26.0
Russell Wilson,43653.0,2012-2023,2TM,3668.0,5665.0,334.0,100.0,106.0,527.0,3464.0,7.0,232.2,64.7%,1.9%,31.0,39.0
Dan Fouts+,43040.0,1973-1987,sdg,3297.0,5604.0,254.0,80.2,242.0,319.0,2304.0,12.0,237.8,58.8%,4.3%,21.0,23.0
Kerry Collins,40922.0,1995-2011,6TM,3487.0,6261.0,208.0,73.8,196.0,337.0,2230.0,,206.7,55.7%,3.1%,21.0,30.0
Kirk Cousins,40844.0,2012-2024,3TM,3584.0,5354.0,278.0,98.0,115.0,314.0,2277.0,,263.5,66.9%,2.1%,25.0,31.0
Joe Montana+,40551.0,1979-1994,2TM,3409.0,5391.0,273.0,92.3,139.0,313.0,2095.0,,211.2,63.2%,2.6%,26.0,28.0
Johnny Unitas+,40239.0,1956-1973,2TM,2830.0,5186.0,290.0,78.2,253.0,307.0,3090.0,,190.7,54.6%,4.9%,34.0,38.0
Derek Carr,39924.0,2014-2024,2TM,3648.0,5606.0,248.0,92.6,110.0,299.0,1860.0,17.0,244.9,65.1%,2.0%,28.0,34.0
Andy Dalton,39186.0,2011-2024,5TM,3477.0,5560.0,251.0,87.7,146.0,353.0,2314.0,,226.5,62.5%,2.6%,25.0,29.0
Dave Krieg,38147.0,1980-1998,6TM,3105.0,5311.0,261.0,81.5,199.0,494.0,3794.0,,179.1,58.5%,3.7%,23.0,25.0
Boomer Esiason,37920.0,1984-1997,3TM,2969.0,5205.0,247.0,81.1,184.0,318.0,2438.0,,202.8,57.0%,3.5%,19.0,26.0
Donovan McNabb,37276.0,1999-2011,3TM,3170.0,5374.0,234.0,85.6,117.0,410.0,2626.0,,223.2,59.0%,2.2%,16.0,24.0
Matt Hasselbeck,36638.0,1999-2015,4TM,3222.0,5330.0,212.0,82.4,153.0,360.0,2260.0,,175.3,60.5%,2.9%,15.0,24.0
Alex Smith,35650.0,2005-2020,3TM,3250.0,5193.0,199.0,86.9,109.0,432.0,2463.0,8.0,204.9,62.6%,2.1%,19.0,23.0
Jim Kelly+,35467.0,1986-1996,buf,2874.0,4779.0,237.0,84.4,175.0,323.0,2427.0,12.0,221.7,60.1%,3.7%,21.0,28.0
Jay Cutler,35133.0,2006-2017,3TM,3048.0,4920.0,227.0,85.3,160.0,322.0,2035.0,19.0,229.6,62.0%,3.3%,23.0,28.0
Ryan Fitzpatrick,34990.0,2005-2021,9TM,3072.0,5060.0,223.0,82.3,169.0,300.0,1576.0,,210.8,60.7%,3.3%,13.0,18.0
Ryan Tannehill,34881.0,2012-2023,2TM,3063.0,4764.0,216.0,91.2,115.0,415.0,3065.0,10.0,225.0,64.3%,2.4%,26.0,27.0
Jim Everett,34837.0,1986-1997,3TM,2841.0,4923.0,203.0,78.6,175.0,257.0,1885.0,13.0,220.5,57.7%,3.6%,11.0,14.0
Jim Hart,34665.0,1966-1984,2TM,2593.0,5076.0,209.0,66.6,247.0,282.0,2305.0,,172.5,51.1%,4.9%,20.0,23.0
Steve DeBerg,34241.0,1978-1998,6TM,2874.0,5024.0,196.0,74.2,204.0,296.0,2469.0,,166.2,57.2%,4.1%,19.0,24.0
Tony Romo,34183.0,2004-2016,dal,2829.0,4335.0,248.0,97.1,117.0,248.0,1672.0,13.0,219.1,65.3%,2.7%,24.0,29.0
John Hadl,33503.0,1962-1977,4TM,2363.0,4687.0,244.0,67.4,268.0,284.0,2595.0,13.0,149.6,50.4%,5.7%,15.0,15.0
Phil Simms,33462.0,1979-1993,nyg,2576.0,4647.0,199.0,78.5,157.0,477.0,3418.0,13.0,204.0,55.4%,3.4%,11.0,17.0
Steve Young+,33124.0,1985-1999,2TM,2667.0,4149.0,232.0,96.8,107.0,358.0,2055.0,,196.0,64.3%,2.6%,13.0,16.0
Y.A. Tittle+,33070.0,1948-1964,3TM,2427.0,4395.0,242.0,74.3,248.0,167.0,3571.0,9.0,162.1,55.2%,5.6%,24.0,23.0
Troy Aikman+,32942.0,1989-2000,dal,2898.0,4715.0,165.0,81.6,141.0,259.0,1748.0,12.0,199.6,61.5%,3.0%,15.0,20.0
Ken Anderson,32838.0,1971-1986,cin,2654.0,4475.0,197.0,81.9,160.0,398.0,2875.0,8.0,171.0,59.3%,3.6%,10.0,14.0
Cam Newton,32382.0,2011-2021,2TM,2682.0,4474.0,194.0,85.2,123.0,332.0,2477.0,12.0,218.8,59.9%,2.7%,16.0,20.0
Kurt Warner+,32344.0,1998-2009,3TM,2666.0,4070.0,208.0,93.7,128.0,260.0,1669.0,,260.8,65.5%,3.1%,7.0,11.0
Sonny Jurgensen+,32224.0,1957-1974,2TM,2433.0,4262.0,255.0,82.6,189.0,294.0,2541.0,15.0,147.8,57.1%,4.4%,18.0,14.0
Mark Brunell,32072.0,1994-2011,5TM,2761.0,4640.0,184.0,84.0,108.0,390.0,2395.0,,166.2,59.5%,2.3%,16.0,22.0
John Brodie,31548.0,1957-1973,sfo,2469.0,4491.0,214.0,72.3,224.0,207.0,1855.0,13.0,157.0,55.0%,5.0%,21.0,22.0
Jared Goff,31444.0,2016-2024,2TM,2745.0,4231.0,190.0,93.6,86.0,224.0,1637.0,9.0,259.9,64.9%,2.0%,14.0,17.0
Steve McNair,31304.0,1995-2007,2TM,2733.0,4544.0,174.0,82.8,119.0,254.0,1567.0,,194.4,60.1%,2.6%,15.0,21.0
Dak Prescott,30883.0,2016-2024,dal,2720.0,4064.0,210.0,98.7,78.0,247.0,1489.0,9.0,259.5,66.9%,1.9%,15.0,23.0
Norm Snead,30797.0,1961-1976,5TM,2276.0,4353.0,196.0,65.5,257.0,350.0,2735.0,,173.0,52.3%,5.9%,14.0,19.0
Randall Cunningham,29979.0,1985-2001,4TM,2429.0,4289.0,207.0,81.5,134.0,484.0,3537.0,,186.2,56.6%,3.1%,19.0,24.0
Joe Ferguson,29817.0,1973-1990,4TM,2369.0,4519.0,196.0,68.4,209.0,312.0,2710.0,,160.3,52.4%,4.6%,20.0,24.0
Jon Kitna,29745.0,1997-2011,4TM,2677.0,4442.0,169.0,77.4,165.0,323.0,1987.0,17.0,211.0,60.3%,3.7%,18.0,22.0
Roman Gabriel,29444.0,1962-1977,2TM,2366.0,4498.0,201.0,74.3,149.0,360.0,2711.0,10.0,160.9,52.6%,3.3%,16.0,15.0
Patrick Mahomes,29328.0,2017-2024,kan,2469.0,3711.0,225.0,103.0,68.0,155.0,1021.0,4.0,293.3,66.5%,1.8%,15.0,18.0
Jake Plummer,29253.0,1997-2006,2TM,2484.0,4350.0,161.0,74.6,161.0,284.0,1735.0,13.0,204.6,57.1%,3.7%,20.0,30.0
Brad Johnson,29054.0,1994-2008,4TM,2668.0,4326.0,166.0,82.5,122.0,251.0,1616.0,,164.1,61.7%,2.8%,14.0,27.0
Rich Gannon,28743.0,1987-2004,4TM,2533.0,4206.0,180.0,84.7,104.0,302.0,1689.0,,183.1,60.2%,2.5%,16.0,20.0
Len Dawson+,28711.0,1957-1975,3TM,2136.0,3741.0,239.0,82.6,183.0,376.0,3428.0,,136.1,57.1%,4.9%,15.0,16.0
Chris Chandler,28484.0,1988-2004,7TM,2328.0,4005.0,170.0,79.1,146.0,380.0,2590.0,,158.2,58.1%,3.6%,10.0,15.0
Trent Green,28475.0,1997-2008,4TM,2266.0,3740.0,162.0,86.0,114.0,259.0,1621.0,,237.3,60.6%,3.0%,15.0,19.0
Ron Jaworski,28190.0,1974-1989,4TM,2187.0,4117.0,179.0,72.8,164.0,363.0,2826.0,,149.9,53.1%,4.0%,17.0,23.0
Terry Bradshaw+,27989.0,1970-1983,pit,2025.0,3901.0,212.0,70.9,210.0,307.0,2694.0,8.0,166.6,51.9%,5.4%,15.0,23.0
Ken Stabler+,27938.0,1970-1984,3TM,2270.0,3793.0,194.0,75.3,222.0,281.0,2514.0,16.0,151.8,59.8%,5.9%,16.0,23.0
Craig Morton,27908.0,1965-1982,3TM,2053.0,3786.0,183.0,73.5,187.0,405.0,3040.0,12.0,134.8,54.2%,4.9%,12.0,21.0
Joe Namath+,27663.0,1965-1977,2TM,1886.0,3762.0,173.0,65.5,220.0,170.0,1621.0,,197.6,50.1%,5.8%,15.0,15.0
Jeff George,27602.0,1990-2001,5TM,2298.0,3967.0,154.0,80.4,113.0,358.0,2691.0,,210.7,57.9%,2.8%,8.0,17.0
George Blanda+,26920.0,1949-1975,4TM,1911.0,4007.0,236.0,60.6,277.0,88.0,1188.0,,79.2,47.7%,6.9%,17.0,17.0
Steve Grogan,26886.0,1975-1990,nwe,1879.0,3593.0,182.0,69.6,208.0,247.0,1986.0,11.0,180.4,52.3%,5.8%,13.0,20.0
Bobby Layne+,26768.0,1948-1962,4TM,1814.0,3700.0,196.0,63.4,243.0,,1860.0,,153.0,49.0%,6.6%,18.0,19.0
Jim Harbaugh,26288.0,1987-2000,4TM,2305.0,3918.0,129.0,77.6,117.0,361.0,2132.0,,148.5,58.8%,3.0%,15.0,19.0
Jim Plunkett,25882.0,1971-1986,3TM,1943.0,3701.0,164.0,67.5,198.0,380.0,3279.0,12.0,164.9,52.5%,5.3%,18.0,22.0
Jeff Garcia,25537.0,1999-2009,5TM,2264.0,3676.0,161.0,87.5,83.0,181.0,947.0,,204.3,61.6%,2.3%,11.0,17.0
Matt Schaub,25467.0,2004-2020,4TM,2148.0,3348.0,136.0,89.5,91.0,180.0,1245.0,,164.3,64.2%,2.7%,11.0,14.0
Joe Theismann,25206.0,1974-1985,was,2044.0,3602.0,160.0,77.4,138.0,340.0,2757.0,5.0,150.9,56.7%,3.8%,18.0,22.0
Ken O'Brien,25094.0,1984-1993,2TM,2110.0,3602.0,128.0,80.4,98.0,353.0,2654.0,,194.5,58.6%,2.7%,13.0,16.0
Bob Griese+,25092.0,1967-1980,mia,1926.0,3429.0,192.0,77.1,172.0,335.0,2930.0,11.0,155.9,56.2%,5.0%,15.0,19.0
Tommy Kramer,24777.0,1977-1990,2TM,2012.0,3651.0,159.0,72.8,158.0,249.0,1586.0,,192.1,55.1%,4.3%,15.0,19.0
Bart Starr+,24718.0,1956-1971,gnb,1808.0,3149.0,152.0,80.5,138.0,287.0,2960.0,8.0,126.1,57.4%,4.4%,18.0,17.0
Charley Johnson,24410.0,1961-1975,3TM,1737.0,3392.0,170.0,69.2,181.0,260.0,2186.0,12.0,147.9,51.2%,5.3%,19.0,17.0
Daunte Culpepper,24153.0,1999-2009,4TM,2016.0,3199.0,149.0,87.8,106.0,298.0,1696.0,,230.0,63.0%,3.3%,11.0,17.0
Steve Bartkowski,24124.0,1975-1986,2TM,1932.0,3456.0,156.0,75.4,144.0,356.0,2956.0,,187.0,55.9%,4.2%,18.0,21.0
Steve Beuerlein,24046.0,1988-2003,6TM,1894.0,3328.0,147.0,80.3,112.0,332.0,2124.0,,163.6,56.9%,3.4%,13.0,16.0
Archie Manning,23911.0,1971-1984,3TM,2011.0,3642.0,125.0,67.1,173.0,396.0,3092.0,,158.4,55.2%,4.8%,11.0,12.0
Brian Sipe,23713.0,1974-1983,cle,1944.0,3439.0,154.0,74.8,149.0,224.0,1889.0,7.0,189.7,56.5%,4.3%,17.0,23.0
Andrew Luck,23671.0,2012-2018,clt,2000.0,3290.0,171.0,89.5,83.0,174.0,1124.0,10.0,275.2,60.8%,2.5%,16.0,20.0
Josh Allen,23648.0,2018-2024,buf,2068.0,3276.0,175.0,92.7,78.0,181.0,1129.0,,238.9,63.1%,2.4%,13.0,19.0
Norm Van Brocklin+,23611.0,1949-1960,2TM,1553.0,2895.0,173.0,75.1,178.0,,929.0,8.0,168.7,53.6%,6.1%,19.0,17.0
Otto Graham+,23584.0,1946-1955,cle,1464.0,2626.0,174.0,86.6,135.0,,2245.0,7.0,187.2,55.8%,5.1%,12.0,10.0
Lynn Dickey,23322.0,1971-1985,2TM,1747.0,3125.0,141.0,70.9,179.0,297.0,2423.0,15.0,153.4,55.9%,5.7%,12.0,18.0
Bernie Kosar,23301.0,1985-1996,3TM,1994.0,3365.0,124.0,81.8,87.0,273.0,1660.0,,184.9,59.3%,2.6%,14.0,16.0
Marc Bulger,22814.0,2002-2009,ram,1969.0,3171.0,122.0,84.4,93.0,254.0,1863.0,10.0,237.6,62.1%,2.9%,12.0,16.0
Neil Lomax,22771.0,1981-1988,crd,1817.0,3153.0,136.0,82.7,90.0,362.0,2700.0,6.0,210.8,57.6%,2.9%,11.0,12.0
Roger Staubach+,22700.0,1969-1979,dal,1685.0,2958.0,153.0,83.4,109.0,313.0,2154.0,,173.3,57.0%,3.7%,13.0,21.0
Babe Parilli,22681.0,1952-1969,5TM,1552.0,3330.0,178.0,59.6,220.0,178.0,2132.0,,120.0,46.6%,6.6%,17.0,13.0
Michael Vick,22464.0,2001-2015,4TM,1807.0,3217.0,133.0,80.4,88.0,316.0,1879.0,,157.1,56.2%,2.7%,14.0,15.0
Carson Wentz,22292.0,2016-2023,4TM,2073.0,3308.0,153.0,89.4,67.0,239.0,1533.0,,234.7,62.7%,2.0%,12.0,13.0
Jameis Winston,22120.0,2015-2024,3TM,1764.0,2883.0,141.0,87.0,99.0,195.0,1242.0,,230.4,61.2%,3.4%,8.0,13.0
Danny White,21959.0,1976-1988,dal,1761.0,2950.0,155.0,81.7,132.0,241.0,2083.0,8.0,132.3,59.7%,4.5%,11.0,14.0
Sammy Baugh+,21886.0,1937-1952,was,1693.0,2995.0,187.0,72.2,203.0,,,5.0,131.1,56.5%,6.8%,6.0,16.0
Jeff Blake,21711.0,1992-2005,7TM,1827.0,3241.0,134.0,78.0,99.0,248.0,1550.0,,182.4,56.4%,3.1%,12.0,16.0
Neil O'Donnell,21690.0,1991-2003,4TM,1865.0,3229.0,120.0,81.8,68.0,259.0,1906.0,,173.5,57.8%,2.1%,15.0,18.0
Bobby Hebert,21683.0,1985-1996,2TM,1839.0,3121.0,135.0,78.0,124.0,178.0,1255.0,10.0,183.8,58.9%,4.0%,11.0,16.0
Baker Mayfield,21496.0,2018-2024,4TM,1860.0,2978.0,141.0,89.4,76.0,226.0,1437.0,,228.7,62.5%,2.6%,8.0,10.0
Gus Frerotte,21291.0,1994-2008,7TM,1699.0,3106.0,114.0,74.2,106.0,207.0,1328.0,,144.8,54.7%,3.4%,8.0,10.0
Jack Kemp,21218.0,1957-1969,3TM,1436.0,3073.0,114.0,57.3,183.0,214.0,2030.0,,173.9,46.7%,6.0%,11.0,11.0
Jim Zorn,21115.0,1976-1987,3TM,1669.0,3149.0,111.0,67.3,141.0,213.0,1585.0,,150.8,53.0%,4.5%,9.0,12.0
Jake Delhomme,20975.0,1999-2011,4TM,1741.0,2932.0,126.0,81.3,101.0,168.0,1267.0,,203.6,59.4%,3.4%,19.0,24.0
Earl Morrall,20809.0,1956-1976,6TM,1379.0,2689.0,161.0,74.1,148.0,197.0,2182.0,,81.6,51.3%,5.5%,14.0,11.0
Richard Todd,20610.0,1976-1985,2TM,1610.0,2967.0,124.0,67.6,161.0,264.0,2127.0,11.0,173.2,54.3%,5.4%,9.0,14.0
Trent Dilfer,20518.0,1994-2007,5TM,1759.0,3172.0,113.0,70.2,129.0,263.0,1730.0,,157.8,55.5%,4.1%,14.0,15.0
Billy Kilmer,20495.0,1961-1978,3TM,1585.0,2984.0,152.0,71.6,146.0,216.0,1644.0,,120.6,53.1%,4.9%,14.0,16.0
Aaron Brooks,20261.0,2000-2006,2TM,1673.0,2963.0,123.0,78.5,92.0,235.0,1454.0,,217.9,56.5%,3.1%,12.0,18.0
Jay Schroeder,20063.0,1985-1994,4TM,1426.0,2808.0,114.0,71.7,108.0,208.0,1600.0,,170.0,50.8%,3.8%,16.0,17.0
Charlie Conerly,19488.0,1948-1961,nyg,1418.0,2833.0,173.0,68.2,167.0,,1642.0,8.0,121.0,50.1%,5.9%,15.0,19.0
Sam Bradford,19449.0,2010-2018,4TM,1855.0,2967.0,103.0,84.5,61.0,196.0,1371.0,,234.3,62.5%,2.1%,7.0,8.0
Brian Griese,19440.0,1998-2008,4TM,1752.0,2796.0,119.0,82.7,99.0,193.0,1326.0,12.0,209.0,62.7%,3.5%,9.0,12.0
Chris Miller,19320.0,1987-1999,3TM,1580.0,2892.0,123.0,74.9,102.0,209.0,1527.0,,197.1,54.6%,3.5%,8.0,11.0
Daryle Lamonica,19154.0,1963-1974,2TM,1288.0,2601.0,164.0,72.9,138.0,166.0,1416.0,,126.8,49.5%,5.3%,18.0,17.0
Tobin Rote,18850.0,1950-1966,4TM,1329.0,2907.0,148.0,56.8,191.0,,2116.0,,126.5,45.7%,6.6%,7.0,7.0
Billy Wade,18530.0,1954-1966,2TM,1370.0,2523.0,124.0,72.2,134.0,128.0,1801.0,8.0,144.8,54.3%,5.3%,10.0,11.0
Dan Pastorini,18515.0,1971-1983,4TM,1556.0,3055.0,103.0,59.1,161.0,246.0,2229.0,,132.3,50.9%,5.3%,14.0,19.0
Mark Rypien,18473.0,1988-2001,5TM,1466.0,2613.0,115.0,78.9,88.0,97.0,664.0,,177.6,56.1%,3.4%,8.0,12.0
Bert Jones,18190.0,1973-1982,2TM,1430.0,2551.0,124.0,78.2,101.0,232.0,2020.0,,178.3,56.1%,4.0%,8.0,11.0
Jim McMahon,18148.0,1982-1996,6TM,1492.0,2573.0,100.0,78.2,90.0,226.0,1344.0,,152.5,58.0%,3.5%,11.0,14.0
Kyle Orton,18037.0,2005-2014,5TM,1613.0,2712.0,101.0,81.2,69.0,165.0,1016.0,,207.3,59.5%,2.5%,8.0,9.0
Chad Pennington,17823.0,2000-2010,2TM,1632.0,2471.0,102.0,90.1,64.0,162.0,965.0,6.0,200.3,66.0%,2.6%,7.0,10.0
Justin Herbert,17801.0,2020-2024,sdg,1672.0,2513.0,119.0,95.7,,136.0,901.0,4.0,269.7,66.5%,1.7%,11.0,14.0
Josh McCown,17731.0,2002-2019,9TM,1584.0,2633.0,98.0,79.7,82.0,235.0,1563.0,,173.8,60.2%,3.1%,6.0,7.0
Blake Bortles,17649.0,2014-2019,2TM,1562.0,2634.0,103.0,80.6,75.0,195.0,1158.0,,226.3,59.3%,2.8%,6.0,8.0
Deshaun Watson,17608.0,2017-2024,2TM,1496.0,2265.0,123.0,98.8,,237.0,1395.0,4.0,248.0,66.0%,2.1%,9.0,11.0
Milt Plum,17536.0,1957-1969,4TM,1306.0,2419.0,122.0,72.2,127.0,116.0,1711.0,,135.9,54.0%,5.3%,8.0,9.0
Matt Cassel,17508.0,2005-2018,7TM,1578.0,2683.0,104.0,78.5,82.0,210.0,1157.0,,163.6,58.8%,3.1%,9.0,12.0
Wade Wilson,17283.0,1981-1998,5TM,1391.0,2428.0,99.0,75.6,102.0,217.0,1508.0,,138.3,57.3%,4.2%,6.0,11.0
Bill Kenney,17277.0,1980-1988,kan,1330.0,2430.0,105.0,77.0,86.0,195.0,1487.0,7.0,163.0,54.7%,3.5%,,6.0
Don Meredith,17199.0,1960-1968,dal,1170.0,2308.0,135.0,74.8,111.0,257.0,1909.0,13.0,165.4,50.7%,4.8%,8.0,8.0
Stan Humphries,17191.0,1989-1997,2TM,1431.0,2516.0,89.0,75.8,84.0,144.0,1182.0,11.0,195.4,56.9%,3.3%,8.0,10.0
Lamar Jackson,17093.0,2018-2024,rav,1460.0,2262.0,134.0,98.6,,174.0,884.0,,187.8,64.5%,2.0%,9.0,11.0
Doug Williams,16998.0,1978-1989,2TM,1240.0,2507.0,100.0,69.4,93.0,84.0,734.0,,193.2,49.5%,3.7%,17.0,20.0
Elvis Grbac,16774.0,1994-2001,3TM,1446.0,2445.0,99.0,79.6,81.0,129.0,907.0,12.0,159.8,59.1%,3.3%,8.0,13.0
Jason Campbell,16771.0,2006-2014,5TM,1519.0,2518.0,87.0,81.7,60.0,170.0,1096.0,,186.3,60.3%,2.4%,7.0,10.0
Kyler Murray,16619.0,2019-2024,crd,1586.0,2377.0,101.0,92.6,,160.0,1146.0,7.0,237.4,66.7%,2.0%,9.0,11.0
Jeff Hostetler,16430.0,1985-1997,3TM,1357.0,2338.0,94.0,80.5,71.0,207.0,1158.0,7.0,108.1,58.0%,3.0%,8.0,10.0
Rodney Peete,16338.0,1989-2004,6TM,1344.0,2346.0,76.0,73.3,92.0,244.0,1372.0,,157.1,57.3%,3.9%,9.0,14.0
Geno Smith,16289.0,2013-2024,4TM,1457.0,2276.0,89.0,87.1,61.0,190.0,1367.0,,198.6,64.0%,2.7%,10.0,16.0
Mike Tomczak,16079.0,1985-1999,4TM,1248.0,2337.0,88.0,68.9,106.0,114.0,809.0,,86.9,53.4%,4.5%,6.0,12.0
Greg Landry,16052.0,1968-1984,3TM,1276.0,2300.0,98.0,72.9,103.0,316.0,2503.0,,109.9,55.5%,4.5%,8.0,8.0
Frank Ryan,16042.0,1958-1970,3TM,1090.0,2133.0,149.0,77.6,111.0,196.0,1825.0,,127.3,51.1%,5.2%,8.0,9.0
David Garrard,16003.0,2002-2010,jax,1406.0,2281.0,89.0,85.8,54.0,179.0,1115.0,4.0,186.1,61.6%,2.4%,10.0,17.0
Marcus Mariota,15818.0,2015-2024,5TM,1328.0,2121.0,93.0,89.1,55.0,186.0,1198.0,,173.8,62.6%,2.6%,11.0,14.0
Scott Mitchell,15692.0,1991-2001,4TM,1301.0,2346.0,95.0,75.3,81.0,155.0,882.0,,158.5,55.5%,3.5%,6.0,9.0
Ed Brown,15600.0,1954-1965,3TM,949.0,1987.0,102.0,62.8,138.0,119.0,1776.0,,101.3,47.8%,6.9%,14.0,14.0
Jimmy Garoppolo,15494.0,2014-2023,3TM,1277.0,1895.0,94.0,97.6,51.0,137.0,921.0,,191.3,67.4%,2.7%,13.0,13.0
Joe Burrow,15453.0,2020-2024,cin,1413.0,2068.0,109.0,99.9,,159.0,1095.0,4.0,271.1,68.3%,1.9%,5.0,7.0
Mark Sanchez,15357.0,2009-2018,4TM,1314.0,2320.0,86.0,73.2,89.0,168.0,1090.0,,194.4,56.6%,3.8%,8.0,10.0
Erik Kramer,15337.0,1987-1999,4TM,1317.0,2299.0,92.0,76.6,79.0,122.0,788.0,,184.8,57.3%,3.4%,11.0,14.0
Tony Banks,15315.0,1996-2005,4TM,1278.0,2356.0,77.0,72.4,73.0,227.0,1432.0,7.0,159.5,54.2%,3.1%,5.0,7.0
Case Keenum,15175.0,2013-2023,7TM,1392.0,2233.0,79.0,84.6,51.0,131.0,989.0,,189.7,62.3%,2.3%,7.0,11.0
Teddy Bridgewater,15120.0,2014-2023,6TM,1372.0,2067.0,75.0,90.5,,166.0,1114.0,,191.4,66.4%,2.3%,5.0,7.0
Kordell Stewart,14746.0,1995-2005,3TM,1316.0,2358.0,77.0,70.7,84.0,170.0,1048.0,,118.0,55.8%,3.6%,9.0,14.0
Doug Flutie,14715.0,1986-2005,4TM,1177.0,2151.0,86.0,76.3,68.0,107.0,687.0,,159.9,54.7%,3.2%,8.0,10.0
Joey Harrington,14693.0,2002-2007,3TM,1424.0,2538.0,79.0,69.4,85.0,124.0,770.0,14.0,181.4,56.1%,3.3%,6.0,7.0
Sid Luckman+,14686.0,1939-1950,chi,904.0,1744.0,137.0,75.0,132.0,,,,114.7,51.8%,7.6%,4.0,5.0
David Carr,14452.0,2002-2012,4TM,1353.0,2267.0,65.0,74.9,71.0,267.0,1564.0,,153.7,59.7%,3.1%,7.0,11.0
Bubby Brister,14445.0,1986-2000,5TM,1207.0,2212.0,81.0,72.3,78.0,193.0,1625.0,,145.9,54.6%,3.5%,9.0,11.0
Marc Wilson,14391.0,1980-1990,2TM,1085.0,2081.0,86.0,67.7,102.0,210.0,1510.0,,114.2,52.1%,4.9%,9.0,12.0
Nick Foles,14227.0,2012-2022,6TM,1302.0,2087.0,82.0,86.2,,127.0,875.0,,200.4,62.4%,2.3%,11.0,13.0
Bill Nelsen,14165.0,1963-1972,2TM,963.0,1905.0,98.0,70.2,101.0,146.0,1314.0,10.0,157.4,50.6%,5.3%,8.0,8.0
Josh Freeman,13873.0,2009-2015,3TM,1179.0,2048.0,81.0,77.6,68.0,112.0,690.0,,223.8,57.6%,3.3%,9.0,10.0
Gary Danielson,13764.0,1976-1988,2TM,1105.0,1932.0,81.0,76.6,78.0,183.0,1446.0,4.0,136.3,57.2%,4.0%,5.0,11.0
Daniel Jones,13650.0,2019-2024,nyg,1335.0,2078.0,68.0,85.3,,191.0,1198.0,,210.0,64.2%,2.1%,7.0,9.0
Eddie LeBaron,13399.0,1952-1963,2TM,898.0,1796.0,104.0,61.4,141.0,,1404.0,10.0,100.0,50.0%,7.9%,13.0,13.0
Chad Henne,13290.0,2008-2022,3TM,1200.0,2015.0,60.0,76.1,63.0,151.0,942.0,,170.4,59.6%,3.1%,4.0,5.0
Sam Darnold,13175.0,2018-2024,4TM,1169.0,1948.0,74.0,80.1,60.0,163.0,1067.0,,185.6,60.0%,3.1%,,5.0
Tua Tagovailoa,13122.0,2020-2024,mia,1136.0,1700.0,83.0,96.4,,94.0,,5.0,238.6,66.8%,2.4%,7.0,9.0
Bill Munson,12896.0,1964-1979,5TM,1070.0,1982.0,84.0,71.5,80.0,192.0,1409.0,,120.5,54.0%,4.0%,8.0,8.0
Trevor Lawrence,12870.0,2021-2024,jax,1209.0,1906.0,64.0,85.3,,106.0,743.0,,234.0,63.4%,2.2%,5.0,7.0
Don Majkowski,12700.0,1987-1996,3TM,1056.0,1905.0,66.0,72.9,67.0,180.0,1058.0,8.0,141.1,55.4%,3.5%,10.0,13.0
Jalen Hurts,12694.0,2020-2024,phi,1090.0,1710.0,71.0,90.7,,126.0,745.0,4.0,192.3,63.7%,2.2%,7.0,9.0
Mitchell Trubisky,12541.0,2017-2024,3TM,1202.0,1875.0,72.0,85.5,,129.0,808.0,,171.8,64.1%,2.6%,5.0,8.0
Colin Kaepernick,12271.0,2011-2016,sfo,1011.0,1692.0,72.0,88.9,,171.0,1060.0,,177.8,59.8%,1.8%,7.0,7.0
Tyrod Taylor,12171.0,2011-2024,7TM,1074.0,1738.0,66.0,88.5,,177.0,1006.0,,130.9,61.8%,1.7%,5.0,6.0
Rick Mirer,11969.0,1993-2003,5TM,1088.0,2043.0,50.0,63.5,76.0,199.0,1038.0,,149.6,53.3%,3.7%,8.0,9.0
Tom Flores+,11959.0,1960-1969,3TM,838.0,1715.0,93.0,67.6,92.0,175.0,1576.0,,112.8,48.9%,5.4%,9.0,8.0
Bob Waterfield+,11849.0,1945-1952,ram,814.0,1617.0,97.0,61.6,128.0,,,5.0,130.2,50.3%,7.9%,7.0,6.0
Jay Fiedler,11844.0,1995-2005,5TM,1008.0,1717.0,69.0,77.1,66.0,114.0,734.0,,155.8,58.7%,3.8%,8.0,9.0
Cotton Davidson,11760.0,1954-1968,3TM,770.0,1752.0,73.0,54.9,108.0,110.0,945.0,,105.9,43.9%,6.2%,5.0,
Vince Ferragamo,11336.0,1977-1986,3TM,902.0,1615.0,76.0,70.1,91.0,94.0,770.0,5.0,151.1,55.9%,5.6%,5.0,5.0
Mike Livingston,11295.0,1968-1979,kan,912.0,1751.0,56.0,63.3,83.0,152.0,1392.0,4.0,124.1,52.1%,4.7%,6.0,7.0
Jacoby Brissett,11270.0,2016-2024,5TM,1060.0,1735.0,53.0,84.5,,147.0,925.0,,134.2,61.1%,1.4%,4.0,5.0
Tony Eason,11142.0,1983-1990,2TM,911.0,1564.0,61.0,79.7,51.0,177.0,1350.0,,123.8,58.2%,3.3%,7.0,8.0
Tim Couch,11131.0,1999-2003,cle,1025.0,1714.0,64.0,75.1,67.0,166.0,1119.0,8.0,179.5,59.8%,3.9%,10.0,11.0
Charlie Batch,11085.0,1998-2012,2TM,908.0,1604.0,61.0,77.2,52.0,161.0,890.0,,136.9,56.6%,3.2%,9.0,11.0
Gardner Minshew II,10951.0,2019-2024,4TM,990.0,1563.0,63.0,89.8,,120.0,683.0,,202.8,63.3%,1.9%,7.0,7.0
Brian Hoyer,10899.0,2009-2023,8TM,925.0,1560.0,53.0,82.0,,90.0,652.0,,138.0,59.3%,2.4%,6.0,6.0
Derek Anderson,10878.0,2006-2018,4TM,909.0,1674.0,60.0,70.4,64.0,,,9.0,139.5,54.3%,3.8%,5.0,7.0
Frankie Albert,10795.0,1946-1952,sfo,831.0,1564.0,115.0,73.5,98.0,,1096.0,,119.9,53.1%,6.3%,5.0,7.0
Billy Joe Tolliver,10760.0,1989-1999,5TM,891.0,1707.0,59.0,67.7,64.0,125.0,877.0,,136.2,52.2%,3.7%,5.0,5.0
Eric Hipple,10711.0,1980-1989,det,830.0,1546.0,55.0,68.7,70.0,160.0,1188.0,6.0,105.0,53.7%,4.5%,4.0,
Byron Leftwich,10532.0,2003-2012,4TM,930.0,1605.0,58.0,78.9,,92.0,,,175.5,57.9%,2.6%,7.0,10.0
Mike Phipps,10506.0,1970-1981,2TM,886.0,1799.0,55.0,52.6,108.0,172.0,1514.0,,88.3,49.2%,6.0%,12.0,12.0
George Ratterman,10473.0,1947-1956,3TM,737.0,1396.0,91.0,,96.0,,,,,,,,
Steve Bono,10439.0,1985-1999,7TM,934.0,1701.0,62.0,75.3,,,,,118.6,54.9%,2.5%,6.0,5.0
Tommy Thompson,10385.0,1940-1950,2TM,732.0,1424.0,91.0,,103.0,,,,,,,,6.0
Zeke Bratkowski,10345.0,1954-1971,3TM,762.0,1484.0,65.0,,122.0,94.0,1073.0,8.0,,,,5.0,7.0
Frank Tripucka,10282.0,1949-1963,4TM,879.0,1745.0,69.0,52.2,124.0,,1048.0,,137.1,50.4%,7.1%,8.0,8.0
Dave Brown,10248.0,1992-2001,2TM,892.0,1634.0,44.0,67.9,58.0,181.0,1005.0,6.0,140.4,54.6%,3.5%,,
Jack Trudeau,10243.0,1986-1995,3TM,873.0,1644.0,,63.3,69.0,103.0,717.0,,152.9,53.1%,4.2%,10.0,10.0
Rex Grossman,10232.0,2003-2011,3TM,863.0,1562.0,56.0,71.4,60.0,92.0,698.0,,189.5,55.2%,3.8%,6.0,9.0
Mark Malone,10175.0,1980-1989,3TM,839.0,1648.0,60.0,61.9,81.0,86.0,671.0,,139.4,50.9%,4.9%,4.0,7.0
Blaine Gabbert,9487.0,2011-2023,6TM,882.0,1568.0,51.0,71.7,50.0,141.0,942.0,,137.5,56.3%,3.2%,8.0,8.0
Vince Evans,9485.0,1977-1995,2TM,704.0,1390.0,52.0,,74.0,118.0,904.0,6.0,,,,,5.0
Bobby Thomason,9480.0,1949-1957,3TM,687.0,1346.0,68.0,,90.0,,907.0,,,,,4.0,5.0
Lamar McHan,9449.0,1954-1963,4TM,610.0,1442.0,73.0,,108.0,,893.0,4.0,,,,6.0,6.0
Gary Hogeboom,9436.0,1980-1989,3TM,743.0,1325.0,49.0,,60.0,118.0,890.0,9.0,,,,4.0,6.0
Mike Pagel,9414.0,1982-1993,3TM,756.0,1509.0,49.0,63.3,63.0,115.0,837.0,,71.3,50.1%,4.2%,6.0,8.0
Pat Haden,9296.0,1976-1981,ram,731.0,1363.0,52.0,,60.0,115.0,888.0,,,,,5.0,8.0
Robert Griffin III,9271.0,2012-2020,3TM,799.0,1268.0,,,,131.0,895.0,,,,,4.0,5.0
Bob Berry,9197.0,1965-1975,2TM,661.0,1173.0,64.0,,64.0,193.0,1393.0,4.0,,,,4.0,5.0
Vince Young,8964.0,2006-2011,2TM,755.0,1304.0,46.0,,51.0,83.0,,,,,,7.0,13.0
Mac Jones,8940.0,2021-2024,2TM,869.0,1316.0,46.0,,,85.0,,,,,,,
Kyle Boller,8931.0,2003-2011,3TM,861.0,1519.0,48.0,69.5,54.0,123.0,802.0,5.0,133.3,56.7%,3.6%,4.0,6.0
John Friesz,8699.0,1990-2000,4TM,745.0,1364.0,45.0,,,,,,,,,7.0,7.0
Jim Finks+,8622.0,1949-1955,pit,661.0,1382.0,55.0,,88.0,,,7.0,,,,8.0,9.0
David Woodley,8558.0,1980-1985,2TM,687.0,1300.0,48.0,,63.0,84.0,,6.0,,,,,5.0
Rudy Bukich,8433.0,1953-1968,4TM,626.0,1190.0,61.0,,74.0,88.0,928.0,,,,,7.0,5.0
Randy Johnson,8329.0,1966-1976,4TM,647.0,1286.0,51.0,,90.0,152.0,1302.0,,,,,,
Shaun Hill,8295.0,2005-2016,4TM,757.0,1225.0,49.0,,,84.0,,,,,,4.0,5.0
Pete Beathard,8176.0,1964-1973,4TM,,1282.0,,,84.0,87.0,801.0,,,,,,
James Harris,8136.0,1969-1979,3TM,607.0,1149.0,45.0,,59.0,101.0,874.0,,,,,6.0,9.0
Tommy Maddox,8087.0,1992-2005,4TM,686.0,1200.0,48.0,,54.0,94.0,,,,,,,
Arnie Herber+,8041.0,1930-1945,2TM,,1175.0,81.0,,106.0,,,,,,,,
Colt McCoy,7975.0,2010-2022,5TM,764.0,1220.0,,,,113.0,701.0,,,,,,5.0
Steve Walsh,7875.0,1989-1999,6TM,713.0,1317.0,,,50.0,,,,,,,4.0,9.0
Kent Graham,7801.0,1992-2001,4TM,694.0,1339.0,,,,100.0,679.0,,,,,8.0,9.0
Trevor Siemian,7751.0,2015-2023,4TM,707.0,1208.0,44.0,,,85.0,,,,,,5.0,
Al Dorow,7708.0,1954-1962,4TM,,1207.0,64.0,,93.0,,922.0,,,,,5.0,5.0
Justin Fields,7635.0,2021-2024,2TM,670.0,,45.0,,,148.0,997.0,,,,,,
Craig Erickson,7625.0,1992-1997,3TM,591.0,,,,,82.0,,,,,,,
Matt Moore,7597.0,2007-2019,3TM,645.0,,49.0,,,87.0,,,,,,6.0,8.0
Brock Osweiler,7418.0,2012-2018,3TM,697.0,1165.0,,,,,,,,,,5.0,5.0
Gary Cuozzo,7402.0,1963-1972,4TM,,1182.0,,,55.0,114.0,854.0,,,,,4.0,5.0
Paul Christman,7294.0,1945-1950,2TM,,1140.0,58.0,,76.0,,,,,,,4.0,
Tarvaris Jackson,7263.0,2006-2015,2TM,640.0,,,,,90.0,,,,,,,
Steve Fuller,7156.0,1979-1986,2TM,605.0,,,,,152.0,1048.0,,,,,6.0,8.0
Dick Wood,7153.0,1962-1966,5TM,,1194.0,51.0,,71.0,,,,,,,,
Mike Glennon,,2013-2021,6TM,689.0,1147.0,47.0,,,83.0,,,,,,,
Christian Ponder,,2011-2014,min,632.0,,,,,95.0,,7.0,,,,,
Jim Miller,,1995-2002,2TM,610.0,,,,,,,,,,,5.0,6.0
Taylor Heinicke,,2017-2024,5TM,606.0,,,,,,,,,,,5.0,5.0
Randy Wright,,1984-1988,gnb,602.0,1119.0,,,57.0,85.0,,6.0,,,,,
Steve Spurrier,,1967-1976,2TM,597.0,1151.0,,,60.0,85.0,666.0,5.0,,,,,
Bobby Douglass,,1969-1978,4TM,,1178.0,,,64.0,180.0,1335.0,,,,,,
Bob Avellini,,1975-1984,chi,,1110.0,,,69.0,110.0,961.0,,,,,7.0,10.0
Jack Concannon,,1964-1975,4TM,,1110.0,,,63.0,91.0,752.0,,,,,,
Benny Friedman+,,1927-1934,4TM,,,66.0,,,,,,,,,,
Adrian Burk,,1950-1956,2TM,,,61.0,,89.0,,991.0,,,,,4.0,
Cecil Isbell,,1938-1942,gnb,,,61.0,,52.0,,,,,,,,
Jim Hardy,,1946-1952,3TM,,,54.0,,73.0,,,,,,,,
Brock Purdy,,2022-2024,sfo,,,50.0,,,,,,,,,,
Red Dunn,,1924-1931,3TM,,,48.0,,,,,,,,,,
Frank Filchock,,1938-1950,4TM,,,47.0,,79.0,,,,,,,,
Jacky Lee,,1960-1969,3TM,,,46.0,,57.0,,714.0,5.0,,,,,
Glenn Dobbs,,1946-1949,2TM,,,45.0,,52.0,,,,,,,,
Don Strock,,1974-1988,2TM,,,45.0,,,,,,,,,7.0,8.0
Roy Zimmerman,,1940-1948,4TM,,,44.0,,70.0,,,,,,,,
King Hill,,1958-1969,3TM,,,,,71.0,,,,,,,,
Dennis Shaw,,1970-1975,2TM,,,,,68.0,124.0,1072.0,,,,,6.0,5.0
Parker Hall,,1939-1946,2TM,,,,,67.0,,,,,,,,
Jim Ninowski,,1958-1969,4TM,,,,,67.0,,874.0,,,,,,
Joe Kapp,,1967-1970,2TM,,,,,64.0,109.0,907.0,7.0,,,,4.0,
George Shaw,,1955-1962,4TM,,,,,63.0,,,,,,,,
Mike Taliaferro,,1964-1972,3TM,,,,,63.0,,826.0,,,,,,
Steve Ramsey,,1970-1976,2TM,,,,,58.0,110.0,792.0,,,,,,5.0
Bob Hoernschemeyer,,1946-1955,3TM,,,,,56.0,,,,,,,,
Dave Wilson,,1981-1988,nor,,,,,55.0,99.0,824.0,,,,,,
Scott Brunner,,1980-1985,2TM,,,,,54.0,,,5.0,,,,4.0,7.0
Johnny Lujack,,1948-1951,chi,,,,,54.0,,,,,,,,
Fred Enke,,1948-1954,3TM,,,,,53.0,,,,,,,,
Irv Comp,,1943-1949,gnb,,,,,52.0,,,,,,,,
Ralph Guglielmi,,1955-1963,4TM,,,,,52.0,,918.0,,,,,,
Charlie O'Rourke,,1942-1949,3TM,,,,,51.0,,,,,,,,
David Whitehurst,,1977-1983,gnb,,,,,51.0,99.0,738.0,4.0,,,,,
Marty Domres,,1969-1977,4TM,,,,,50.0,,,,,,,,
Gary Huff,,1973-1978,2TM,,,,,50.0,82.0,812.0,,,,,,
Ace Parker+,,1937-1946,3TM,,,,,50.0,,,,,,,,
Bud Schwenk,,1942-1948,4TM,,,,,50.0,,,,,,,,
Rob Johnson,,1995-2003,5TM,,,,,,140.0,817.0,,,,,4.0,
Hugh Millen,,1987-1995,4TM,,,,,,126.0,830.0,,,,,,5.0
Zach Wilson,,2021-2023,nyj,,,,,,113.0,885.0,,,,,5.0,5.0
Joe Pisarcik,,1977-1984,2TM,,,,,,112.0,845.0,4.0,,,,,
J.P. Losman,,2004-2011,3TM,,,,,,108.0,789.0,,,,,,6.0
Damon Huard,,1998-2008,3TM,,,,,,94.0,,,,,,6.0,8.0
Dick Shiner,,1964-1974,6TM,,,,,,94.0,718.0,,,,,,
Bob Lee,,1969-1980,3TM,,,,,,93.0,805.0,,,,,,5.0
David Archer,,1984-1989,3TM,,,,,,89.0,,,,,,,
David Klingler,,1992-1997,2TM,,,,,,87.0,,,,,,,
Jack Thompson,,1979-1984,2TM,,,,,,85.0,695.0,,,,,,
Steve Tensi,,1965-1970,2TM,,,,,,82.0,672.0,,,,,,
Don Trull,,1964-1969,2TM,,,,,,,694.0,5.0,,,,,
Joe Namath+,,1965-1977,nyj,,,,,,,,28.0,,,,,
Vinny Testaverde,,1987-2007,6TM,,,,,,,,23.0,,,,,
Norm Snead,,1961-1976,4TM,,,,,,,,22.0,,,,,
Kerry Collins,,1995-2011,4TM,,,,,,,,20.0,,,,,
Steve DeBerg,,1978-1998,4TM,,,,,,,,20.0,,,,,
Babe Parilli,,1952-1969,3TM,,,,,,,,20.0,,,,,
Andy Dalton,,2011-2024,4TM,,,,,,,,18.0,,,,,
George Blanda+,,1949-1975,2TM,,,,,,,,17.0,,,,,
Johnny Unitas+,,1956-1973,clt,,,,,,,,17.0,,,,,
Warren Moon+,,1984-2000,3TM,,,,,,,,16.0,,,,,
Len Dawson+,,1957-1975,2TM,,,,,,,,15.0,,,,,
Kurt Warner+,,1998-2009,2TM,,,,,,,,15.0,,,,,
Mark Brunell,,1994-2011,3TM,,,,,,,,14.0,,,,,
Kirk Cousins,,2012-2024,2TM,,,,,,,,14.0,,,,,
Matt Schaub,,2004-2020,3TM,,,,,,,,14.0,,,,,
Blake Bortles,,2014-2019,jax,,,,,,,,13.0,,,,,
Chris Chandler,,1988-2004,2TM,,,,,,,,13.0,,,,,
Jake Delhomme,,1999-2011,2TM,,,,,,,,13.0,,,,,
Trent Dilfer,,1994-2007,3TM,,,,,,,,13.0,,,,,
Ryan Fitzpatrick,,2005-2021,6TM,,,,,,,,13.0,,,,,
Joe Flacco,,2008-2024,3TM,,,,,,,,13.0,,,,,
Matt Hasselbeck,,1999-2015,2TM,,,,,,,,13.0,,,,,
Steve McNair,,1995-2007,oti,,,,,,,,13.0,,,,,
Tobin Rote,,1950-1966,3TM,,,,,,,,13.0,,,,,
Jim Zorn,,1976-1987,sea,,,,,,,,13.0,,,,,
Jeff Blake,,1992-2005,4TM,,,,,,,,12.0,,,,,
Jeff George,,1990-2001,4TM,,,,,,,,12.0,,,,,
Jim Hart,,1966-1984,crd,,,,,,,,12.0,,,,,
Brad Johnson,,1994-2008,3TM,,,,,,,,12.0,,,,,
Tommy Kramer,,1977-1990,min,,,,,,,,12.0,,,,,
Dave Krieg,,1980-1998,2TM,,,,,,,,12.0,,,,,
Frank Tripucka,,1949-1963,2TM,,,,,,,,12.0,,,,,
Jameis Winston,,2015-2024,2TM,,,,,,,,12.0,,,,,
Ed Brown,,1954-1965,2TM,,,,,,,,11.0,,,,,
Boomer Esiason,,1984-1997,2TM,,,,,,,,11.0,,,,,
Jeff Garcia,,1999-2009,4TM,,,,,,,,11.0,,,,,
Archie Manning,,1971-1984,2TM,,,,,,,,11.0,,,,,
Matt Cassel,,2005-2018,5TM,,,,,,,,10.0,,,,,
Gus Frerotte,,1994-2008,4TM,,,,,,,,10.0,,,,,
Chris Miller,,1987-1999,2TM,,,,,,,,10.0,,,,,
Jack Kemp,,1957-1969,2TM,,,,,,,,9.0,,,,,
Earl Morrall,,1956-1976,5TM,,,,,,,,9.0,,,,,
Mark Sanchez,,2009-2018,3TM,,,,,,,,9.0,,,,,
Geno Smith,,2013-2024,2TM,,,,,,,,9.0,,,,,
Wade Wilson,,1981-1998,4TM,,,,,,,,9.0,,,,,
Sam Bradford,,2010-2018,2TM,,,,,,,,8.0,,,,,
Rudy Bukich,,1953-1968,chi,,,,,,,,8.0,,,,,
Jay Fiedler,,1995-2005,mia,,,,,,,,8.0,,,,,
Scott Mitchell,,1991-2001,2TM,,,,,,,,8.0,,,,,
Neil O'Donnell,,1991-2003,2TM,,,,,,,,8.0,,,,,
Milt Plum,,1957-1969,2TM,,,,,,,,8.0,,,,,
Steve Bartkowski,,1975-1986,atl,,,,,,,,7.0,,,,,
Bubby Brister,,1986-2000,3TM,,,,,,,,7.0,,,,,
David Carr,,2002-2012,htx,,,,,,,,7.0,,,,,
Daunte Culpepper,,1999-2009,3TM,,,,,,,,7.0,,,,,
Blaine Gabbert,,2011-2023,2TM,,,,,,,,7.0,,,,,
Jim Harbaugh,,1987-2000,3TM,,,,,,,,7.0,,,,,
Chad Henne,,2008-2022,2TM,,,,,,,,7.0,,,,,
King Hill,,1958-1969,2TM,,,,,,,,7.0,,,,,
Randy Johnson,,1966-1976,3TM,,,,,,,,7.0,,,,,
Bert Jones,,1973-1982,clt,,,,,,,,7.0,,,,,
Billy Kilmer,,1961-1978,2TM,,,,,,,,7.0,,,,,
Bernie Kosar,,1985-1996,cle,,,,,,,,7.0,,,,,
Tommy Maddox,,1992-2005,pit,,,,,,,,7.0,,,,,
Jim McMahon,,1982-1996,3TM,,,,,,,,7.0,,,,,
Donovan McNabb,,1999-2011,2TM,,,,,,,,7.0,,,,,
Kyle Orton,,2005-2014,3TM,,,,,,,,7.0,,,,,
Rodney Peete,,1989-2004,3TM,,,,,,,,7.0,,,,,
Mark Rypien,,1988-2001,2TM,,,,,,,,7.0,,,,,
Kordell Stewart,,1995-2005,2TM,,,,,,,,7.0,,,,,
Steve Walsh,,1989-1999,4TM,,,,,,,,7.0,,,,,
Steve Beuerlein,,1988-2003,3TM,,,,,,,,6.0,,,,,
Ty Detmer,,1993-2003,3TM,,,,,,,,6.0,,,,,
Trent Edwards,,2007-2012,buf,,,,,,,,6.0,,,,,
A.J. Feeley,,2001-2011,2TM,,,,,,,,6.0,,,,,
Joe Ferguson,,1973-1990,buf,,,,,,,,6.0,,,,,
Josh Freeman,,2009-2015,tam,,,,,,,,6.0,,,,,
Rich Gannon,,1987-2004,2TM,,,,,,,,6.0,,,,,
Trent Green,,1997-2008,3TM,,,,,,,,6.0,,,,,
Mac Jones,,2021-2024,nwe,,,,,,,,6.0,,,,,
Case Keenum,,2013-2023,3TM,,,,,,,,6.0,,,,,
Ryan Leaf,,1998-2001,2TM,,,,,,,,6.0,,,,,
Marcus Mariota,,2015-2024,oti,,,,,,,,6.0,,,,,
Joe Montana+,,1979-1994,sfo,,,,,,,,6.0,,,,,
Ken O'Brien,,1984-1993,nyj,,,,,,,,6.0,,,,,
Dan Pastorini,,1971-1983,2TM,,,,,,,,6.0,,,,,
Mike Tomczak,,1985-1999,2TM,,,,,,,,6.0,,,,,
Michael Vick,,2001-2015,2TM,,,,,,,,6.0,,,,,
Pete Beathard,,1964-1973,2TM,,,,,,,,5.0,,,,,
Steve Bono,,1985-1999,2TM,,,,,,,,5.0,,,,,
Aaron Brooks,,2000-2006,nor,,,,,,,,5.0,,,,,
Jason Campbell,,2006-2014,2TM,,,,,,,,5.0,,,,,
Kellen Clemens,,2006-2017,3TM,,,,,,,,5.0,,,,,
Randall Cunningham,,1985-2001,2TM,,,,,,,,5.0,,,,,
Sam Darnold,,2018-2024,2TM,,,,,,,,5.0,,,,,
Cotton Davidson,,1954-1968,2TM,,,,,,,,5.0,,,,,
Al Dorow,,1954-1962,2TM,,,,,,,,5.0,,,,,
Tom Flores+,,1960-1969,rai,,,,,,,,5.0,,,,,
Nick Foles,,2012-2022,3TM,,,,,,,,5.0,,,,,
Rex Grossman,,2003-2011,chi,,,,,,,,5.0,,,,,
Scott Hunter,,1971-1979,2TM,,,,,,,,5.0,,,,,
George Izo,,1960-1966,3TM,,,,,,,,5.0,,,,,
Danny Kanell,,1996-2003,2TM,,,,,,,,5.0,,,,,
Greg Landry,,1968-1984,2TM,,,,,,,,5.0,,,,,
Bobby Layne+,,1948-1962,2TM,,,,,,,,5.0,,,,,
Baker Mayfield,,2018-2024,2TM,,,,,,,,5.0,,,,,
Josh McCown,,2002-2019,3TM,,,,,,,,5.0,,,,,
Mike McMahon,,2001-2005,2TM,,,,,,,,5.0,,,,,
Chris Redman,,2000-2011,2TM,,,,,,,,5.0,,,,,
Josh Rosen,,2018-2021,2TM,,,,,,,,5.0,,,,,
Dick Shiner,,1964-1974,pit,,,,,,,,5.0,,,,,
Trevor Siemian,,2015-2023,3TM,,,,,,,,5.0,,,,,
Steve Tensi,,1965-1970,den,,,,,,,,5.0,,,,,
Billy Joe Tolliver,,1989-1999,3TM,,,,,,,,5.0,,,,,
Chris Weinke,,2001-2007,car,,,,,,,,5.0,,,,,
Tony Adams,,1975-1987,2TM,,,,,,,,4.0,,,,,
Todd Blackledge,,1983-1989,kan,,,,,,,,4.0,,,,,
Todd Bouman,,2001-2010,3TM,,,,,,,,4.0,,,,,
Jacoby Brissett,,2016-2024,2TM,,,,,,,,4.0,,,,,
Adrian Burk,,1950-1956,phi,,,,,,,,4.0,,,,,
Stoney Case,,1995-2000,2TM,,,,,,,,4.0,,,,,
Austin Davis,,2014-2017,ram,,,,,,,,4.0,,,,,
Marty Domres,,1969-1977,clt,,,,,,,,4.0,,,,,
Ken Dorsey,,2004-2008,2TM,,,,,,,,4.0,,,,,
Bobby Douglass,,1969-1978,2TM,,,,,,,,4.0,,,,,
Craig Erickson,,1992-1997,2TM,,,,,,,,4.0,,,,,
Justin Fields,,2021-2024,chi,,,,,,,,4.0,,,,,
Matt Flynn,,2008-2014,2TM,,,,,,,,4.0,,,,,
Bob Gagliano,,1982-1992,2TM,,,,,,,,4.0,,,,,
George Herring,,1960-1961,den,,,,,,,,4.0,,,,,
Kelly Holcomb,,1997-2007,2TM,,,,,,,,4.0,,,,,
Sam Howell,,2022-2024,was,,,,,,,,4.0,,,,,
Ron Jaworski,,1974-1989,phi,,,,,,,,4.0,,,,,
Kevin Kolb,,2007-2012,phi,,,,,,,,4.0,,,,,
Erik Kramer,,1987-1999,2TM,,,,,,,,4.0,,,,,
Pete Liske,,1964-1972,3TM,,,,,,,,4.0,,,,,
Shane Matthews,,1996-2004,chi,,,,,,,,4.0,,,,,
Matt Moore,,2007-2019,2TM,,,,,,,,4.0,,,,,
Nick Mullens,,2018-2024,sfo,,,,,,,,4.0,,,,,
Jim Ninowski,,1958-1969,3TM,,,,,,,,4.0,,,,,
Rick Norton,,1966-1970,mia,,,,,,,,4.0,,,,,
Mike Pagel,,1982-1993,2TM,,,,,,,,4.0,,,,,
Patrick Ramsey,,2002-2008,2TM,,,,,,,,4.0,,,,,
Steve Ramsey,,1970-1976,den,,,,,,,,4.0,,,,,
Frank Reich,,1985-1998,3TM,,,,,,,,4.0,,,,,
M.C. Reynolds,,1958-1962,buf,,,,,,,,4.0,,,,,
Frank Ryan,,1958-1970,cle,,,,,,,,4.0,,,,,
Turk Schonert,,1981-1989,cin,,,,,,,,4.0,,,,,
Jay Schroeder,,1985-1994,2TM,,,,,,,,4.0,,,,,
Jack Trudeau,,1986-1995,clt,,,,,,,,4.0,,,,,
Billy Volek,,2001-2011,oti,,,,,,,,4.0,,,,,
Tommy Wade,,1964-1965,pit,,,,,,,,4.0,,,,,
Danny Wuerffel,,1997-2002,2TM,,,,,,,,4.0,,,,,
Steve Young+,,1985-1999,sfo,,,,,,,,4.0,,,,,
Bruce Gradkowski,,2006-2014,5TM,,,,,,,,,,,,6.0,7.0
Scott Hunter,,1971-1979,4TM,,,,,,,,,,,,6.0,9.0
Kenny Pickett,,2022-2023,pit,,,,,,,,,,,,6.0,7.0
John Skelton,,2010-2012,crd,,,,,,,,,,,,6.0,7.0
Tim Tebow,,2010-2012,2TM,,,,,,,,,,,,6.0,6.0
Quincy Carter,,2001-2004,2TM,,,,,,,,,,,,5.0,7.0
Ty Detmer,,1993-2003,5TM,,,,,,,,,,,,5.0,6.0
Cody Carlson,,1988-1994,oti,,,,,,,,,,,,4.0,5.0
Trent Edwards,,2007-2012,3TM,,,,,,,,,,,,4.0,5.0
Matt Flynn,,2008-2014,3TM,,,,,,,,,,,,4.0,
Johnny Green,,1960-1963,2TM,,,,,,,,,,,,4.0,5.0
Jeff Kemp,,1981-1991,4TM,,,,,,,,,,,,4.0,5.0
Shaun King,,1999-2004,2TM,,,,,,,,,,,,4.0,5.0
Kevin Kolb,,2007-2012,2TM,,,,,,,,,,,,4.0,
Jeff Rutledge,,1979-1992,3TM,,,,,,,,,,,,4.0,5.0
Drew Stanton,,2008-2017,2TM,,,,,,,,,,,,4.0,
Cliff Stoudt,,1980-1989,3TM,,,,,,,,,,,,4.0,
Todd Collins,,1995-2010,4TM,,,,,,,,,,,,,5.0
Steve Dils,,1979-1988,3TM,,,,,,,,,,,,,5.0
A.J. Feeley,,2001-2011,3TM,,,,,,,,,,,,,5.0
Paul McDonald,,1980-1986,2TM,,,,,,,,,,,,,5.0
Desmond Ridder,,2022-2023,atl,,,,,,,,,,,,,5.0
C.J. Stroud,,2023-2024,htx,,,,,,,,,,,,,5.0
